test_sample_idx,true_class,pred_class,ch1_path,col_index,seg_idx,speed_pct
70,healthy 1,bearing bpfo 3,C:\Project Work\Denoised\Motor-2\50\healthy 1\Electric_Motor-2_50_time-healthy 1-ch1.csv,3,13,50
162,healthy 1,bearing bpfo 3,C:\Project Work\Denoised\Motor-2\50\healthy 1\Electric_Motor-2_50_time-healthy 1-ch1.csv,5,48,50
164,healthy 1,bearing bpfo 3,C:\Project Work\Denoised\Motor-2\50\healthy 1\Electric_Motor-2_50_time-healthy 1-ch1.csv,5,50,50
290,healthy 1,bearing bpfo 3,C:\Project Work\Denoised\Motor-2\75\healthy 1\Electric_Motor-2_75_time-healthy 1-ch1.csv,9,5,75
459,healthy 1,bearing bpfo 3,C:\Project Work\Denoised\Motor-2\75\healthy 1\Electric_Motor-2_75_time-healthy 1-ch1.csv,21,3,75
460,healthy 1,bearing bpfo 3,C:\Project Work\Denoised\Motor-2\75\healthy 1\Electric_Motor-2_75_time-healthy 1-ch1.csv,21,4,75
461,healthy 1,bearing bpfo 3,C:\Project Work\Denoised\Motor-2\75\healthy 1\Electric_Motor-2_75_time-healthy 1-ch1.csv,21,5,75
475,healthy 1,bearing bpfo 3,C:\Project Work\Denoised\Motor-2\75\healthy 1\Electric_Motor-2_75_time-healthy 1-ch1.csv,21,19,75
476,healthy 1,bearing bpfo 3,C:\Project Work\Denoised\Motor-2\75\healthy 1\Electric_Motor-2_75_time-healthy 1-ch1.csv,21,20,75
477,healthy 1,bearing bpfo 3,C:\Project Work\Denoised\Motor-2\75\healthy 1\Electric_Motor-2_75_time-healthy 1-ch1.csv,21,21,75
478,healthy 1,bearing bpfo 3,C:\Project Work\Denoised\Motor-2\75\healthy 1\Electric_Motor-2_75_time-healthy 1-ch1.csv,21,22,75
504,healthy 1,bearing bpfo 3,C:\Project Work\Denoised\Motor-2\75\healthy 1\Electric_Motor-2_75_time-healthy 1-ch1.csv,21,48,75
514,healthy 1,bearing bpfo 3,C:\Project Work\Denoised\Motor-2\75\healthy 1\Electric_Motor-2_75_time-healthy 1-ch1.csv,25,1,75
555,healthy 1,bearing bpfo 3,C:\Project Work\Denoised\Motor-2\75\healthy 1\Electric_Motor-2_75_time-healthy 1-ch1.csv,25,42,75
677,healthy 1,bearing bpfo 3,C:\Project Work\Denoised\Motor-2\100\healthy 1\Electric_Motor-2_100_time-healthy 1-ch1.csv,14,50,100
679,healthy 1,bearing bpfo 3,C:\Project Work\Denoised\Motor-2\100\healthy 1\Electric_Motor-2_100_time-healthy 1-ch1.csv,14,52,100
681,healthy 1,bearing bpfo 3,C:\Project Work\Denoised\Motor-2\100\healthy 1\Electric_Motor-2_100_time-healthy 1-ch1.csv,14,54,100
682,healthy 1,bearing bpfo 3,C:\Project Work\Denoised\Motor-2\100\healthy 1\Electric_Motor-2_100_time-healthy 1-ch1.csv,14,55,100
683,healthy 1,bearing bpfo 3,C:\Project Work\Denoised\Motor-2\100\healthy 1\Electric_Motor-2_100_time-healthy 1-ch1.csv,14,56,100
697,healthy 1,bearing bpfo 3,C:\Project Work\Denoised\Motor-2\100\healthy 1\Electric_Motor-2_100_time-healthy 1-ch1.csv,16,13,100
714,healthy 1,bearing bpfo 3,C:\Project Work\Denoised\Motor-2\100\healthy 1\Electric_Motor-2_100_time-healthy 1-ch1.csv,16,30,100
730,healthy 1,bearing bpfo 3,C:\Project Work\Denoised\Motor-2\100\healthy 1\Electric_Motor-2_100_time-healthy 1-ch1.csv,16,46,100
738,healthy 1,bearing bpfo 3,C:\Project Work\Denoised\Motor-2\100\healthy 1\Electric_Motor-2_100_time-healthy 1-ch1.csv,16,54,100
739,healthy 1,bearing bpfo 3,C:\Project Work\Denoised\Motor-2\100\healthy 1\Electric_Motor-2_100_time-healthy 1-ch1.csv,16,55,100
740,healthy 1,bearing bpfo 3,C:\Project Work\Denoised\Motor-2\100\healthy 1\Electric_Motor-2_100_time-healthy 1-ch1.csv,16,56,100
750,healthy 1,bearing bpfo 3,C:\Project Work\Denoised\Motor-2\100\healthy 1\Electric_Motor-2_100_time-healthy 1-ch1.csv,34,9,100
751,healthy 1,bearing bpfo 3,C:\Project Work\Denoised\Motor-2\100\healthy 1\Electric_Motor-2_100_time-healthy 1-ch1.csv,34,10,100
800,healthy 1,bearing bpfo 3,C:\Project Work\Denoised\Motor-2\100\healthy 1\Electric_Motor-2_100_time-healthy 1-ch1.csv,35,2,100
832,healthy 1,bearing bpfo 3,C:\Project Work\Denoised\Motor-2\100\healthy 1\Electric_Motor-2_100_time-healthy 1-ch1.csv,35,34,100
1028,bearing bpfo 3,healthy 1,C:\Project Work\Denoised\Motor-2\50\bearing bpfo 3\Electric_Motor-2_50_time-bearing bpfo 3-ch1.csv,4,2,50
1037,bearing bpfo 3,healthy 1,C:\Project Work\Denoised\Motor-2\50\bearing bpfo 3\Electric_Motor-2_50_time-bearing bpfo 3-ch1.csv,4,11,50
1038,bearing bpfo 3,healthy 1,C:\Project Work\Denoised\Motor-2\50\bearing bpfo 3\Electric_Motor-2_50_time-bearing bpfo 3-ch1.csv,4,12,50
1039,bearing bpfo 3,healthy 1,C:\Project Work\Denoised\Motor-2\50\bearing bpfo 3\Electric_Motor-2_50_time-bearing bpfo 3-ch1.csv,4,13,50
1041,bearing bpfo 3,healthy 1,C:\Project Work\Denoised\Motor-2\50\bearing bpfo 3\Electric_Motor-2_50_time-bearing bpfo 3-ch1.csv,4,15,50
1042,bearing bpfo 3,healthy 1,C:\Project Work\Denoised\Motor-2\50\bearing bpfo 3\Electric_Motor-2_50_time-bearing bpfo 3-ch1.csv,4,16,50
1064,bearing bpfo 3,healthy 1,C:\Project Work\Denoised\Motor-2\50\bearing bpfo 3\Electric_Motor-2_50_time-bearing bpfo 3-ch1.csv,4,38,50
1076,bearing bpfo 3,healthy 1,C:\Project Work\Denoised\Motor-2\50\bearing bpfo 3\Electric_Motor-2_50_time-bearing bpfo 3-ch1.csv,4,50,50
1077,bearing bpfo 3,healthy 1,C:\Project Work\Denoised\Motor-2\50\bearing bpfo 3\Electric_Motor-2_50_time-bearing bpfo 3-ch1.csv,4,51,50
1084,bearing bpfo 3,healthy 1,C:\Project Work\Denoised\Motor-2\75\bearing bpfo 3\Electric_Motor-2_75_time-bearing bpfo 3-ch1.csv,6,1,75
1085,bearing bpfo 3,healthy 1,C:\Project Work\Denoised\Motor-2\75\bearing bpfo 3\Electric_Motor-2_75_time-bearing bpfo 3-ch1.csv,6,2,75
1086,bearing bpfo 3,healthy 1,C:\Project Work\Denoised\Motor-2\75\bearing bpfo 3\Electric_Motor-2_75_time-bearing bpfo 3-ch1.csv,6,3,75
1087,bearing bpfo 3,healthy 1,C:\Project Work\Denoised\Motor-2\75\bearing bpfo 3\Electric_Motor-2_75_time-bearing bpfo 3-ch1.csv,6,4,75
1088,bearing bpfo 3,healthy 1,C:\Project Work\Denoised\Motor-2\75\bearing bpfo 3\Electric_Motor-2_75_time-bearing bpfo 3-ch1.csv,6,5,75
1089,bearing bpfo 3,healthy 1,C:\Project Work\Denoised\Motor-2\75\bearing bpfo 3\Electric_Motor-2_75_time-bearing bpfo 3-ch1.csv,6,6,75
1094,bearing bpfo 3,healthy 1,C:\Project Work\Denoised\Motor-2\75\bearing bpfo 3\Electric_Motor-2_75_time-bearing bpfo 3-ch1.csv,6,11,75
1095,bearing bpfo 3,healthy 1,C:\Project Work\Denoised\Motor-2\75\bearing bpfo 3\Electric_Motor-2_75_time-bearing bpfo 3-ch1.csv,6,12,75
1105,bearing bpfo 3,healthy 1,C:\Project Work\Denoised\Motor-2\75\bearing bpfo 3\Electric_Motor-2_75_time-bearing bpfo 3-ch1.csv,6,22,75
1106,bearing bpfo 3,healthy 1,C:\Project Work\Denoised\Motor-2\75\bearing bpfo 3\Electric_Motor-2_75_time-bearing bpfo 3-ch1.csv,6,23,75
1107,bearing bpfo 3,healthy 1,C:\Project Work\Denoised\Motor-2\75\bearing bpfo 3\Electric_Motor-2_75_time-bearing bpfo 3-ch1.csv,6,24,75
1110,bearing bpfo 3,healthy 1,C:\Project Work\Denoised\Motor-2\75\bearing bpfo 3\Electric_Motor-2_75_time-bearing bpfo 3-ch1.csv,6,27,75
1130,bearing bpfo 3,healthy 1,C:\Project Work\Denoised\Motor-2\75\bearing bpfo 3\Electric_Motor-2_75_time-bearing bpfo 3-ch1.csv,6,47,75
1140,bearing bpfo 3,healthy 1,C:\Project Work\Denoised\Motor-2\100\bearing bpfo 3\Electric_Motor-2_100_time-bearing bpfo 3-ch1.csv,5,0,100
1141,bearing bpfo 3,healthy 1,C:\Project Work\Denoised\Motor-2\100\bearing bpfo 3\Electric_Motor-2_100_time-bearing bpfo 3-ch1.csv,5,1,100
1142,bearing bpfo 3,healthy 1,C:\Project Work\Denoised\Motor-2\100\bearing bpfo 3\Electric_Motor-2_100_time-bearing bpfo 3-ch1.csv,5,2,100
1143,bearing bpfo 3,healthy 1,C:\Project Work\Denoised\Motor-2\100\bearing bpfo 3\Electric_Motor-2_100_time-bearing bpfo 3-ch1.csv,5,3,100
1144,bearing bpfo 3,healthy 1,C:\Project Work\Denoised\Motor-2\100\bearing bpfo 3\Electric_Motor-2_100_time-bearing bpfo 3-ch1.csv,5,4,100
1145,bearing bpfo 3,healthy 1,C:\Project Work\Denoised\Motor-2\100\bearing bpfo 3\Electric_Motor-2_100_time-bearing bpfo 3-ch1.csv,5,5,100
1146,bearing bpfo 3,healthy 1,C:\Project Work\Denoised\Motor-2\100\bearing bpfo 3\Electric_Motor-2_100_time-bearing bpfo 3-ch1.csv,5,6,100
1147,bearing bpfo 3,healthy 1,C:\Project Work\Denoised\Motor-2\100\bearing bpfo 3\Electric_Motor-2_100_time-bearing bpfo 3-ch1.csv,5,7,100
1148,bearing bpfo 3,healthy 1,C:\Project Work\Denoised\Motor-2\100\bearing bpfo 3\Electric_Motor-2_100_time-bearing bpfo 3-ch1.csv,5,8,100
1149,bearing bpfo 3,healthy 1,C:\Project Work\Denoised\Motor-2\100\bearing bpfo 3\Electric_Motor-2_100_time-bearing bpfo 3-ch1.csv,5,9,100
1150,bearing bpfo 3,healthy 1,C:\Project Work\Denoised\Motor-2\100\bearing bpfo 3\Electric_Motor-2_100_time-bearing bpfo 3-ch1.csv,5,10,100
1151,bearing bpfo 3,healthy 1,C:\Project Work\Denoised\Motor-2\100\bearing bpfo 3\Electric_Motor-2_100_time-bearing bpfo 3-ch1.csv,5,11,100
1152,bearing bpfo 3,healthy 1,C:\Project Work\Denoised\Motor-2\100\bearing bpfo 3\Electric_Motor-2_100_time-bearing bpfo 3-ch1.csv,5,12,100
1153,bearing bpfo 3,healthy 1,C:\Project Work\Denoised\Motor-2\100\bearing bpfo 3\Electric_Motor-2_100_time-bearing bpfo 3-ch1.csv,5,13,100
1154,bearing bpfo 3,healthy 1,C:\Project Work\Denoised\Motor-2\100\bearing bpfo 3\Electric_Motor-2_100_time-bearing bpfo 3-ch1.csv,5,14,100
1155,bearing bpfo 3,healthy 1,C:\Project Work\Denoised\Motor-2\100\bearing bpfo 3\Electric_Motor-2_100_time-bearing bpfo 3-ch1.csv,5,15,100
1160,bearing bpfo 3,healthy 1,C:\Project Work\Denoised\Motor-2\100\bearing bpfo 3\Electric_Motor-2_100_time-bearing bpfo 3-ch1.csv,5,20,100
1161,bearing bpfo 3,healthy 1,C:\Project Work\Denoised\Motor-2\100\bearing bpfo 3\Electric_Motor-2_100_time-bearing bpfo 3-ch1.csv,5,21,100
1162,bearing bpfo 3,healthy 1,C:\Project Work\Denoised\Motor-2\100\bearing bpfo 3\Electric_Motor-2_100_time-bearing bpfo 3-ch1.csv,5,22,100
1163,bearing bpfo 3,healthy 1,C:\Project Work\Denoised\Motor-2\100\bearing bpfo 3\Electric_Motor-2_100_time-bearing bpfo 3-ch1.csv,5,23,100
1164,bearing bpfo 3,healthy 1,C:\Project Work\Denoised\Motor-2\100\bearing bpfo 3\Electric_Motor-2_100_time-bearing bpfo 3-ch1.csv,5,24,100
1165,bearing bpfo 3,healthy 1,C:\Project Work\Denoised\Motor-2\100\bearing bpfo 3\Electric_Motor-2_100_time-bearing bpfo 3-ch1.csv,5,25,100
1166,bearing bpfo 3,healthy 1,C:\Project Work\Denoised\Motor-2\100\bearing bpfo 3\Electric_Motor-2_100_time-bearing bpfo 3-ch1.csv,5,26,100
1170,bearing bpfo 3,healthy 1,C:\Project Work\Denoised\Motor-2\100\bearing bpfo 3\Electric_Motor-2_100_time-bearing bpfo 3-ch1.csv,5,30,100
1171,bearing bpfo 3,healthy 1,C:\Project Work\Denoised\Motor-2\100\bearing bpfo 3\Electric_Motor-2_100_time-bearing bpfo 3-ch1.csv,5,31,100
1172,bearing bpfo 3,healthy 1,C:\Project Work\Denoised\Motor-2\100\bearing bpfo 3\Electric_Motor-2_100_time-bearing bpfo 3-ch1.csv,5,32,100
1173,bearing bpfo 3,healthy 1,C:\Project Work\Denoised\Motor-2\100\bearing bpfo 3\Electric_Motor-2_100_time-bearing bpfo 3-ch1.csv,5,33,100
1174,bearing bpfo 3,healthy 1,C:\Project Work\Denoised\Motor-2\100\bearing bpfo 3\Electric_Motor-2_100_time-bearing bpfo 3-ch1.csv,5,34,100
1175,bearing bpfo 3,healthy 1,C:\Project Work\Denoised\Motor-2\100\bearing bpfo 3\Electric_Motor-2_100_time-bearing bpfo 3-ch1.csv,5,35,100
1176,bearing bpfo 3,healthy 1,C:\Project Work\Denoised\Motor-2\100\bearing bpfo 3\Electric_Motor-2_100_time-bearing bpfo 3-ch1.csv,5,36,100
1177,bearing bpfo 3,healthy 1,C:\Project Work\Denoised\Motor-2\100\bearing bpfo 3\Electric_Motor-2_100_time-bearing bpfo 3-ch1.csv,5,37,100
1178,bearing bpfo 3,healthy 1,C:\Project Work\Denoised\Motor-2\100\bearing bpfo 3\Electric_Motor-2_100_time-bearing bpfo 3-ch1.csv,5,38,100
1179,bearing bpfo 3,healthy 1,C:\Project Work\Denoised\Motor-2\100\bearing bpfo 3\Electric_Motor-2_100_time-bearing bpfo 3-ch1.csv,5,39,100
1180,bearing bpfo 3,healthy 1,C:\Project Work\Denoised\Motor-2\100\bearing bpfo 3\Electric_Motor-2_100_time-bearing bpfo 3-ch1.csv,5,40,100
1181,bearing bpfo 3,healthy 1,C:\Project Work\Denoised\Motor-2\100\bearing bpfo 3\Electric_Motor-2_100_time-bearing bpfo 3-ch1.csv,5,41,100
1182,bearing bpfo 3,healthy 1,C:\Project Work\Denoised\Motor-2\100\bearing bpfo 3\Electric_Motor-2_100_time-bearing bpfo 3-ch1.csv,5,42,100
1183,bearing bpfo 3,healthy 1,C:\Project Work\Denoised\Motor-2\100\bearing bpfo 3\Electric_Motor-2_100_time-bearing bpfo 3-ch1.csv,5,43,100
1184,bearing bpfo 3,healthy 1,C:\Project Work\Denoised\Motor-2\100\bearing bpfo 3\Electric_Motor-2_100_time-bearing bpfo 3-ch1.csv,5,44,100
1185,bearing bpfo 3,healthy 1,C:\Project Work\Denoised\Motor-2\100\bearing bpfo 3\Electric_Motor-2_100_time-bearing bpfo 3-ch1.csv,5,45,100
1186,bearing bpfo 3,healthy 1,C:\Project Work\Denoised\Motor-2\100\bearing bpfo 3\Electric_Motor-2_100_time-bearing bpfo 3-ch1.csv,5,46,100
1187,bearing bpfo 3,healthy 1,C:\Project Work\Denoised\Motor-2\100\bearing bpfo 3\Electric_Motor-2_100_time-bearing bpfo 3-ch1.csv,5,47,100
1188,bearing bpfo 3,healthy 1,C:\Project Work\Denoised\Motor-2\100\bearing bpfo 3\Electric_Motor-2_100_time-bearing bpfo 3-ch1.csv,5,48,100
1189,bearing bpfo 3,healthy 1,C:\Project Work\Denoised\Motor-2\100\bearing bpfo 3\Electric_Motor-2_100_time-bearing bpfo 3-ch1.csv,5,49,100
1190,bearing bpfo 3,healthy 1,C:\Project Work\Denoised\Motor-2\100\bearing bpfo 3\Electric_Motor-2_100_time-bearing bpfo 3-ch1.csv,5,50,100
1191,bearing bpfo 3,healthy 1,C:\Project Work\Denoised\Motor-2\100\bearing bpfo 3\Electric_Motor-2_100_time-bearing bpfo 3-ch1.csv,5,51,100
1192,bearing bpfo 3,healthy 1,C:\Project Work\Denoised\Motor-2\100\bearing bpfo 3\Electric_Motor-2_100_time-bearing bpfo 3-ch1.csv,5,52,100
1193,bearing bpfo 3,healthy 1,C:\Project Work\Denoised\Motor-2\100\bearing bpfo 3\Electric_Motor-2_100_time-bearing bpfo 3-ch1.csv,5,53,100
1194,bearing bpfo 3,healthy 1,C:\Project Work\Denoised\Motor-2\100\bearing bpfo 3\Electric_Motor-2_100_time-bearing bpfo 3-ch1.csv,5,54,100
1339,broken rotor bar,healthy 1,C:\Project Work\Denoised\Motor-2\100\broken rotor bar\Electric_Motor-2_100_time-broken rotor bar-ch1.csv,0,28,100
